-4.152994745914351249e-02,0.000000000000000000e+00,-1.805116943337690405e-01,0.000000000000000000e+00,8.493867422938234935e-01,0.000000000000000000e+00
-4.345159813887722322e-02,-2.524663158217642089e-01,-1.831924986602912198e-01,-3.522038624886227876e-01,8.876807736745271349e-01,0.000000000000000000e+00
-4.448045750700635459e-02,-7.599853762075108043e-02,-1.852202030661413701e-01,-1.497800130371404470e-01,8.843706834812553597e-01,-6.112643327991520298e-02
-4.605993768094829299e-02,-5.314225675414615407e-02,-1.869269823586791890e-01,-5.742528768837772829e-02,8.964767660377032099e-01,8.654691699414950035e-02
-4.792735333985675972e-02,-1.572161575235330733e-01,-1.883341499186268753e-01,-1.184682562296029834e-01,8.932633061675649966e-01,-4.599789332854105350e-02
-5.022438446710597582e-02,-7.947967600084059059e-02,-1.894021979573884684e-01,-3.695557760062288116e-02,8.896962819428130276e-01,-4.235516421799903619e-02
-5.262579751211560186e-02,-1.120833297019502156e-01,-1.906889082037938332e-01,-6.005579468239792551e-02,8.925273383933907123e-01,2.244532548517070430e-02
-5.541362728624465994e-02,-2.044446195920656961e-01,-1.917389103754865431e-01,-7.700157898974402393e-02,8.910917631545545170e-01,-2.070803327601127702e-02
-5.817227564827831543e-02,-8.881135573690511487e-02,-1.926237314933587352e-01,-2.848574836299292215e-02,8.886934017616894277e-01,-2.448009618069547227e-02
-6.110726401295907273e-02,-2.318791734245127800e-01,-1.935484243753513856e-01,-7.305549273320841031e-02,8.854240271349504976e-01,-7.069437595625525927e-02
-6.433355490784187225e-02,-1.118332325545900591e-01,-1.942744097995110220e-01,-2.516490279908149830e-02,8.789123019189694075e-01,-7.410273383859182494e-02
-6.781105289720845697e-02,-1.556370707967927036e-01,-1.949692750621327686e-01,-3.109902418450896655e-02,8.702918684841992603e-01,-1.149785795424677765e-01
-7.072720763710149683e-02,-2.230472033508823781e-01,-1.957837408510153254e-01,-6.229584251824978741e-02,8.658869135774923675e-01,-1.129748178756617427e-01
-7.470357353015466551e-02,-1.293928187338257985e-01,-1.962863688867680090e-01,-1.635575298397628705e-02,8.591206980584630282e-01,-8.328766431283264604e-02
-7.813710510686067146e-02,-2.870667017422670053e-01,-1.969433895207687024e-01,-5.493141454086639813e-02,8.535388836516233368e-01,-1.374913725628761074e-01
-8.205839118769286955e-02,-1.358700197767766238e-01,-1.974302045020601970e-01,-1.686782340595490218e-02,8.515519045413018073e-01,-5.158472754868687754e-02
-8.591889344524727967e-02,-1.772303590209221846e-01,-1.980587773340140301e-01,-2.885691582228157998e-02,8.362101494983735783e-01,-1.889759101756670612e-01
-8.941452958148610186e-02,-2.521976164299407630e-01,-1.983559995645471086e-01,-2.144351848104123631e-02,8.199425044740370483e-01,-3.406570460219459084e-01
-9.371164784363750222e-02,-1.434894299361081094e-01,-1.984482436852187670e-01,-3.080216899477896883e-03,8.075499649507059674e-01,-1.886172224889939852e-01
-9.754617384353614362e-02,-2.949308248272367039e-01,-1.989645645183579503e-01,-3.971258225847225376e-02,7.935585959753894691e-01,-3.161892523445669623e-01
-1.025264773348106839e-01,-1.714693190503170095e-01,-1.993304777052626597e-01,-1.259820512946791850e-02,7.855042709119365307e-01,-1.483738931058032895e-01
-1.064432663939782753e-01,-1.817259103109795937e-01,-1.996170874356868741e-01,-1.329773275469523473e-02,7.722567083006786071e-01,-1.907541209757283585e-01
-1.113528615085883633e-01,-3.738894332847256807e-01,-2.000386706644662060e-01,-3.210560358054447005e-02,7.686491667244349513e-01,-1.163714686536072157e-01
-1.159830809431883214e-01,-1.512527289788029583e-01,-2.003586980082210089e-01,-1.045415012710591146e-02,7.767077364855056176e-01,3.671830470675532809e-02
-1.203866653672553966e-01,-3.424487209456240078e-01,-2.005753473478843196e-01,-1.684793162041684639e-02,7.649788715669164629e-01,-2.188468678925526989e-01
-1.249663858186000898e-01,-1.613000563282041833e-01,-2.010252003048516867e-01,-1.584404726645272446e-02,7.598551385140359660e-01,-9.982683037474557319e-02
-1.294707725518153829e-01,-2.118284462509035515e-01,-2.010717759937415694e-01,-2.190321656410439306e-03,7.447453764702275381e-01,-2.025989487315897897e-01
-1.343095634783335601e-01,-3.639705195075213506e-01,-2.012020701167594738e-01,-9.800634159188118325e-03,7.387947667911503036e-01,-1.625499271875259499e-01
-1.393417203467286480e-01,-1.687796029022653743e-01,-2.002906316604744774e-01,3.056983809224877308e-02,7.002665146719554423e-01,-3.636989077053912611e-01
-1.437520353864560896e-01,-3.575222654114605381e-01,-2.010621382796362322e-01,-6.254219750244732756e-02,7.124464100192375859e-01,1.559161301218106865e-01
-1.489543881038175588e-01,-1.823779812595812400e-01,-2.003633666672000324e-01,2.449671580558496903e-02,6.838175042081829913e-01,-2.119306198498151217e-01
-1.536338521472473406e-01,-2.166752564522449742e-01,-2.004127372955410713e-01,-2.286029651627046778e-03,6.763749381224495316e-01,-1.391367476278992654e-01
-1.582932461943948876e-01,-3.412894256143191862e-01,-2.001331010453036019e-01,2.048268385519225535e-02,6.525521114732938388e-01,-4.710253988182786511e-01
-1.640260693979276319e-01,-1.886593747802735310e-01,-2.003858021965597980e-01,-8.316049441899902792e-03,6.645599737821191733e-01,-1.896576628684835952e-02
-1.687307109180156139e-01,-3.693186738961464211e-01,-2.000413919766144411e-01,2.703651812011398717e-02,6.561172034151383503e-01,-1.704327457140905888e-01
-1.740768176560081315e-01,-1.925828956798612823e-01,-1.995482561631341800e-01,1.776423995588499033e-02,6.436017195701735361e-01,-1.553195592939899949e-01
-1.787802122702861762e-01,-2.131408751917202582e-01,-1.992181527680254305e-01,1.495909493191374499e-02,6.331836050935278903e-01,-1.568577303250661137e-01
-1.837708411773781858e-01,-3.668714033148423592e-01,-1.986749707037897827e-01,3.993043158917264357e-02,6.239912635319843082e-01,-2.081514198435548690e-01
-1.891903828433745272e-01,-1.788591178523496750e-01,-1.978129486128817616e-01,2.844899444475471745e-02,6.139493986807526005e-01,-1.348898376365133822e-01
-1.937382709329973363e-01,-3.688385870382525633e-01,-1.966095041626169937e-01,9.760063173663044434e-02,5.958304250125621149e-01,-4.010894940997814517e-01
-1.992382678881823299e-01,-1.905949455043602359e-01,-1.959426775464724046e-01,2.310797325898884119e-02,5.835338716224139910e-01,-2.068024744678788884e-01
-2.039729224247215367e-01,-2.161078272452938431e-01,-1.950647993704310579e-01,4.006973344015719168e-02,5.663586897530844544e-01,-2.476859438227992649e-01
-2.090282122056914549e-01,-3.753415968823574089e-01,-1.942382722870110434e-01,6.136740103904870375e-02,5.708228026348366457e-01,2.094059170439092205e-02
-2.143238854926274861e-01,-1.699698779468085674e-01,-1.929476759795950291e-01,4.142296644153824897e-02,5.569262689336310634e-01,-1.062706044635207542e-01
-2.189426848605182663e-01,-3.740110173164810647e-01,-1.920036440132786015e-01,7.644375258120851557e-02,5.416958977987296198e-01,-3.348905586809981516e-01
-2.248433270383747296e-01,-2.068595233208411488e-01,-1.912734776287946803e-01,2.559753085961826921e-02,5.514654269662441211e-01,1.900250421488197672e-03
-2.291713764133997966e-01,-1.979430023865175470e-01,-1.907337395827420068e-01,2.468487766207147147e-02,5.456074412983251687e-01,-6.650356740611845785e-02
-2.346157133852100340e-01,-4.164120562057618269e-01,-1.887099748394356069e-01,1.547883686113462609e-01,5.311796199881883007e-01,-2.925051572896943397e-01
-2.393425123036054813e-01,-1.551483476982564447e-01,-1.864314720488262911e-01,7.478759923828161293e-02,5.152198578663383932e-01,-2.040886364420455013e-01
-2.443731079495257141e-01,-4.293648496208093968e-01,-1.852770573820195221e-01,9.853009756717875933e-02,4.839132870446107848e-01,-7.190315768379919037e-01
-2.497658959552329083e-01,-1.858463889266910030e-01,-1.838473651868051950e-01,4.927008654448543357e-02,4.982149605445566065e-01,-5.654174085984807474e-02
-2.549875917486383869e-01,-2.338541819149611567e-01,-1.824232963909414862e-01,6.377706714893477402e-02,4.863853532488522369e-01,-1.465829793636423128e-01
-2.592791199335857666e-01,-3.203754419805911469e-01,-1.808784088758423059e-01,1.153304834851657523e-01,4.764552970917287356e-01,-2.219728586991608354e-01
-2.644934367485207716e-01,-1.723682624339870906e-01,-1.789393673396982576e-01,6.409837227672267324e-02,4.658520609293671511e-01,-1.431202930798000650e-01
-2.683339332121326137e-01,-3.293506242064447309e-01,-1.779746668070924798e-01,8.273011721177174482e-02,4.724735406492424072e-01,1.061799896785444591e-01
-2.739536172019607640e-01,-1.963240299622869278e-01,-1.762747286882249409e-01,5.938745003930196581e-02,4.562961527128021055e-01,-1.147445305900325896e-01
-2.781483325187945610e-01,-1.937890188487290388e-01,-1.743872326495481684e-01,8.719924423670424862e-02,4.497668587981936694e-01,-1.040968200193753967e-01
-2.830959515726325648e-01,-3.668732477899185884e-01,-1.715858055478607092e-01,2.077299501151990135e-01,4.206807849809694466e-01,-5.652180197804910211e-01
-2.881838011849455761e-01,-1.660453939131405765e-01,-1.697007927296711183e-01,6.151866108033733627e-02,4.094204168296372015e-01,-2.331769268800223394e-01
-2.933127651969522631e-01,-3.839449272071335795e-01,-1.675807411684620829e-01,1.587032079847457144e-01,3.934683458664700595e-01,-3.568299940308024554e-01
-2.981269491052660481e-01,-1.623111059401316780e-01,-1.655268016781788198e-01,6.924895196177817402e-02,3.837577396261677154e-01,-1.710562224155433575e-01
-3.017915570339235742e-01,-1.634375000648623233e-01,-1.634242007228492166e-01,9.377369979629726626e-02,3.701798305045531645e-01,-1.941540246092141597e-01
-3.072105907440474404e-01,-4.103165463138132574e-01,-1.612081406629775338e-01,1.677948798310293366e-01,3.602301592861450463e-01,-2.368799591528723825e-01
-3.124299318669652159e-01,-1.636258565604194470e-01,-1.589968224690868903e-01,6.932461877500785408e-02,3.473029363475954590e-01,-1.605367976214834569e-01
-3.166889526845226843e-01,-3.511347260125911030e-01,-1.564034244572819754e-01,2.138125497209852066e-01,3.391041197176143385e-01,-2.091219406209050002e-01
-3.209381699661308929e-01,-1.518359945571514380e-01,-1.539798476319034493e-01,8.660093689719249033e-02,3.267271761357823934e-01,-1.628458795432226047e-01
-3.253910843031531108e-01,-2.011965702035962422e-01,-1.511930248605480032e-01,1.259173523057151578e-01,3.130959748663600939e-01,-1.946865261967188065e-01
-3.295903048553274761e-01,-3.099918608667678321e-01,-1.487225897393049945e-01,1.823706973400573139e-01,2.955085306667745715e-01,-3.732535681002926986e-01
-3.348131258320978798e-01,-1.700322033154966495e-01,-1.463327257720180852e-01,7.780351610546321073e-02,2.856313668120522564e-01,-1.737027036727566975e-01
-3.394389863907729676e-01,-3.871316781334681045e-01,-1.443547034019362629e-01,1.655378733972558136e-01,2.753441505319881855e-01,-2.586562936220972442e-01
-3.440554406144864519e-01,-1.572652524840269239e-01,-1.420544749672902618e-01,7.836014135856679552e-02,2.620501588281194394e-01,-1.778831621538867203e-01
-3.487428380027082220e-01,-2.127584448689831265e-01,-1.396332424876966238e-01,1.098984392317629011e-01,2.453915631633532546e-01,-2.335019635857285558e-01
-3.529120565904384499e-01,-3.174024430862025792e-01,-1.370702867292608318e-01,1.951177186160067689e-01,2.355122767119768867e-01,-2.464029107613616709e-01
-3.575964916886413825e-01,-1.554057175522657042e-01,-1.344775952949671394e-01,8.601230762970632493e-02,2.189177637145753308e-01,-1.992311007091123465e-01
-3.617825441961188826e-01,-3.456760272547430568e-01,-1.316997757024296611e-01,2.293869079433437375e-01,2.076158034938542785e-01,-2.831312166720567625e-01
-3.665044705373032841e-01,-1.636130372042321757e-01,-1.291011985918451843e-01,9.003975554719917396e-02,1.916926988152973244e-01,-2.087152564098545826e-01
-3.709090857951364839e-01,-1.963616742067198218e-01,-1.264618151674416213e-01,1.176660656495813473e-01,1.794965141874569348e-01,-1.881080095184512746e-01
-3.744480825937619439e-01,-2.724151375224717064e-01,-1.233916491139769589e-01,2.363267771240259163e-01,1.684519165452064704e-01,-2.595671484149671415e-01
-3.789226997954804332e-01,-1.462039201953498346e-01,-1.201224098205178337e-01,1.068193276012151249e-01,1.543713494503002881e-01,-1.799091179191190104e-01
-3.832474565902848074e-01,-3.532904472474907576e-01,-1.176115320787939622e-01,2.051142208558624502e-01,1.375958711958435721e-01,-3.875755165891831000e-01
-3.875785860980127673e-01,-1.509888609703061435e-01,-1.143841178896099209e-01,1.125118959003223312e-01,1.248230005889816863e-01,-2.082136388549009620e-01
-3.914378537918414835e-01,-1.717647887318048683e-01,-1.115803423206848388e-01,1.247879018648834076e-01,1.100127215497627431e-01,-2.168440288186397891e-01
-3.959992562926966109e-01,-3.515085756402341333e-01,-1.084761652771490670e-01,2.392125779086180237e-01,9.539607467914731909e-02,-3.358062359288908061e-01
-4.003485092025453884e-01,-1.412068464844788429e-01,-1.055204305811442145e-01,9.596360205277572331e-02,8.057254851559875197e-02,-2.042701186706518957e-01
-4.039900477816809055e-01,-2.956757037501677732e-01,-1.025708798070672778e-01,2.394895679174940950e-01,6.603774951358876155e-02,-3.461067576199565177e-01
-4.085537947262101177e-01,-1.580264349411925340e-01,-9.955213169763368897e-02,1.045285830957627254e-01,4.967047908135348300e-02,-2.282118785468329469e-01
-4.124538765248888517e-01,-1.737638484015870954e-01,-9.674815606278261426e-02,1.249280456889568930e-01,3.363548271112395960e-02,-2.356583696145050366e-01
-4.165625963921932851e-01,-3.182967044866176765e-01,-9.349721753850834260e-02,2.518455996475504333e-01,2.080681395595640470e-02,-3.073692887321434197e-01
-4.210103494027466198e-01,-1.418368097803924255e-01,-9.042395962996471748e-02,9.800478946243450229e-02,5.932177612323424887e-03,-1.954286600832327303e-01
-4.248317174011275732e-01,-3.040381486253244114e-01,-8.753233781301891780e-02,2.300650824838863240e-01,-8.803444377279125155e-03,-3.419584333663036047e-01
-4.283221929834788444e-01,-1.208768098100850980e-01,-8.276985400513689473e-02,1.649270524566102125e-01,-7.734995557760200591e-03,-7.623938715382304332e-02
-4.324836123581101699e-01,-1.829337504186396846e-01,-7.981846639733539139e-02,1.297414068203733006e-01,-2.204759083388266316e-02,-1.763533382860020815e-01
-4.361091140020583179e-01,-2.818202314247802431e-01,-7.674602171598834954e-02,2.388295899913381315e-01,-3.876946620044263714e-02,-3.690476952662258836e-01
-4.412266099256210161e-01,-1.661441866862453098e-01,-7.559276163926628711e-02,3.744164340268016367e-02,-5.962668691687742634e-02,-2.615491115460138460e-01
-4.443603086861629414e-01,-2.306476195229712478e-01,-7.119039629079706999e-02,3.240244725115963842e-01,-7.228532713438262647e-02,-2.983137216570915240e-01
-4.484404170473634821e-01,-1.403896275559637641e-01,-6.811757073632709880e-02,1.057307299087402452e-01,-8.964949262196678093e-02,-2.239463215224866688e-01
-4.517248273809746362e-01,-1.495826635529246829e-01,-6.534948537081833320e-02,1.260675554687537558e-01,-1.060814111659910131e-01,-2.430772521784255735e-01
-4.553102275772837881e-01,-2.513245936389508217e-01,-6.214745449911299180e-02,2.244516828216658877e-01,-1.199708626449562526e-01,-3.041703671593108393e-01
-4.591533200466098030e-01,-1.237626734575941884e-01,-5.890051232632995126e-02,1.045642921874095771e-01,-1.346482566443533702e-01,-1.942100269513872268e-01
-4.619320508468178765e-01,-2.232728296980061866e-01,-5.356566996399872438e-02,4.286580586148527883e-01,-1.183794292649268665e-01,2.782502123849410758e-01
-4.670450679289834817e-01,-1.742718717986276866e-01,-5.106078329974203522e-02,8.537645789333882240e-02,-1.715270683310877731e-01,-3.833079533433195740e-01
-4.693251490519578795e-01,-9.906822925233867150e-02,-4.688976346024073538e-02,1.812284420550450137e-01,-1.591597710821958944e-01,3.851102125730457293e-02
-4.736683175360365539e-01,-3.261461837190732793e-01,-4.368209149855395435e-02,2.408771321586764269e-01,-1.962676153378230259e-01,-6.870169773491979770e-01
-4.775607466589977257e-01,-1.275082673259907984e-01,-4.004357016751203258e-02,1.191907510436230888e-01,-2.140168712052312461e-01,-3.171118597546601636e-01
-4.806316752977106699e-01,-2.480913801199633451e-01,-3.615699977851008495e-02,3.139847014305717776e-01,-2.130466629188124961e-01,-5.968288954785978817e-02
-4.839192539484107325e-01,-1.101709341164250483e-01,-3.132176553456611501e-02,1.620348377714397325e-01,-2.074387787732853705e-01,3.206110682325430394e-02
-4.876987000374943815e-01,-1.745331276201517734e-01,-2.873133439900185659e-02,1.196249496137858220e-01,-2.374806449607412828e-01,-3.388147045702281646e-01
-4.905295122315374012e-01,-2.160704429168425200e-01,-2.410215013903621584e-02,3.533367192282383940e-01,-2.365221164516654317e-01,-6.641301737506018210e-02
-4.943433412838220686e-01,-1.240643299723412363e-01,-2.056417921887987443e-02,1.150906308734210987e-01,-2.502042542335266573e-01,-1.278736621953574515e-01
-4.973160248622332524e-01,-2.506702578139192172e-01,-1.745094438797820113e-02,2.625221814272258314e-01,-2.696160343794740677e-01,-4.411909080763213309e-01
-4.995700215725769056e-01,-7.892561897916419711e-02,-1.508809234030308866e-02,8.273728154222147191e-02,-3.005063248188614144e-01,-3.807101994715237359e-01
-5.044824203906199678e-01,-2.137642421915122160e-01,-1.032714146990676429e-02,2.071739475189266766e-01,-3.014430197273079703e-01,-1.053676771705177595e-01
-5.072142663932948103e-01,-2.133066369380848259e-01,-6.607277807671257941e-03,2.904525390094203630e-01,-3.137242474665354885e-01,-2.660760939093845812e-01
-5.111313543803388537e-01,-1.259686242086316132e-01,-2.775054409052069015e-03,1.232394857559674789e-01,-3.196292044314067993e-01,-1.139930212108857255e-01
-5.138533750154110624e-01,-2.261057162784866625e-01,1.205687555811602030e-03,3.306618993582515764e-01,-3.211520512707967123e-01,-6.012222344666165452e-02
-5.171063181987638480e-01,-1.127841138577147101e-01,4.546911600219721850e-03,1.158449354348255744e-01,-3.431840609284325105e-01,-2.060007439099498516e-01
-5.188228341622636020e-01,-7.859899968090124089e-02,5.560614181033513015e-03,4.641728391704721263e-02,-3.641124437234122824e-01,-2.910770363538967009e-01
-5.232936312157649983e-01,-3.462567760670862138e-01,1.206304104636005126e-02,5.036035713669133607e-01,-3.575149858942568981e-01,5.497163648476677267e-02
-5.266343477271442364e-01,-1.125071712303701010e-01,1.588113573603047723e-02,1.285841021114267901e-01,-3.650805800579658422e-01,-4.995477333230043115e-02
-5.293549282765128705e-01,-2.174714009746156751e-01,1.993605769102402281e-02,3.241328614952497245e-01,-3.613006202677663259e-01,6.304970153205512184e-02
-5.327731914332298757e-01,-1.189575091373565596e-01,2.351984578322038888e-02,1.247178713804021344e-01,-3.723239999461219196e-01,-8.014255096701936032e-02
-5.351467040732080793e-01,-1.096862480571075549e-01,2.718403394154797481e-02,1.693317509638063434e-01,-3.656684784097686269e-01,5.685664143656172370e-02
-5.370792237319368390e-01,-1.363197937215720190e-01,2.824411642065813299e-02,7.477813963104024131e-02,-4.002834945904631403e-01,-5.962210096154294536e-01
-5.420602644302552342e-01,-1.672805217717679149e-01,3.445790558628966660e-02,2.086804659430948616e-01,-4.038436500226733616e-01,-1.789458261994989197e-01
-5.447739335324359722e-01,-2.283057160900444915e-01,3.880695525210414720e-02,3.658931361480390332e-01,-3.987935326934130553e-01,6.148233890578489597e-02
-5.479934531769854456e-01,-1.134893527239543703e-01,4.265509815978746344e-02,1.356485736999963332e-01,-4.041450809952014667e-01,-3.179046877645399366e-02
-5.506266264259778165e-01,-1.207967831972535794e-01,4.693512294869808810e-02,1.963460728240163378e-01,-4.014214870651960920e-01,2.328859045060880512e-02
-5.534604085306567001e-01,-2.200615359238499713e-01,5.081659535156651808e-02,3.014214738708905217e-01,-4.068665784188060797e-01,-9.988950577652677687e-02
-5.567658999652691509e-01,-1.095181877841645418e-01,5.474784507731336736e-02,1.302509336985371580e-01,-4.125455973006086352e-01,-7.201196712454052684e-02
-5.598055504316699071e-01,-2.431154651861436033e-01,5.856902177835607293e-02,3.056230186665056525e-01,-4.239445443572818495e-01,-2.459288953470124273e-01
-5.624885073869978491e-01,-9.217687365508271669e-02,6.259338804403635770e-02,1.382629341394135125e-01,-4.422269043597388816e-01,-2.185114658375098551e-01
-5.652991835321372616e-01,-1.296259299385652541e-01,6.709335960074522265e-02,2.075347594721009270e-01,-4.345322031126069851e-01,3.409035944542847252e-02
-5.682594689821791611e-01,-2.240609420599574131e-01,7.093234841294990267e-02,2.905690901558303230e-01,-4.454759352521799332e-01,-1.985573500824278359e-01
-5.718371315517645215e-01,-1.178774896014309070e-01,7.460535836453231762e-02,1.210190128198109089e-01,-4.577181769679516399e-01,-1.504792499271822293e-01
-5.743923270367510270e-01,-2.078157616385340467e-01,7.888672225613065081e-02,3.482061952645179592e-01,-4.598477036298260212e-01,-8.091877021000698500e-02
-5.780670647819121655e-01,-1.272526417671613064e-01,8.535854744827529872e-02,2.241130959182393301e-01,-3.868075793056421907e-01,6.120976611132984413e-01
-5.809074640884557272e-01,-1.314592901851904805e-01,8.753120539434035285e-02,1.005549011179303759e-01,-4.427524169596420700e-01,-4.942849815534610669e-01
-5.833894521340818873e-01,-1.874194326712032566e-01,9.165090535461860310e-02,3.110860387468702415e-01,-4.512961669851323632e-01,-2.848597722895896966e-01
-5.868984406777151275e-01,-1.167418731073369270e-01,9.596993413738105771e-02,1.436914095997945118e-01,-4.460942226208545747e-01,-2.794857718558010212e-02
-5.893807313525554203e-01,-2.049181567203066379e-01,1.007663895018678230e-01,3.959571705457466950e-01,-4.582800143511576718e-01,-2.584776329870401845e-01
-5.927359813596908555e-01,-1.155726800030236756e-01,1.049441970815600395e-01,1.439059436689200111e-01,-4.671583813208305958e-01,-1.410739691999883805e-01
-5.957125923091075581e-01,-1.394935387490896517e-01,1.101604495638802278e-01,2.444503262712762470e-01,-4.350122066753399630e-01,3.413497267709628691e-01
-5.990488406270166877e-01,-2.506850531135710325e-01,1.143856875576897553e-01,3.174835653598580554e-01,-4.352395609818394684e-01,8.106659204222073367e-02
-6.022666860843077785e-01,-1.069717212720761729e-01,1.185581450924138303e-01,1.387061530294311507e-01,-4.346880801402458472e-01,2.484990532176127587e-02
-6.048092557043045492e-01,-2.206424167221346655e-01,1.230374201568740222e-01,3.887083632293803492e-01,-4.303752486102351837e-01,9.977860370536970058e-02
-6.082376099294248828e-01,-1.202424979081439249e-01,1.273483248247662680e-01,1.511961458688088900e-01,-4.399154283971001278e-01,-5.870591234247798246e-02
-6.109010591685068992e-01,-1.244631645492073752e-01,1.314868554443773541e-01,1.933938180395433915e-01,-4.379623354298620153e-01,8.140563796980788622e-03
-6.140136159888551770e-01,-2.260920910570133335e-01,1.359519808417579412e-01,3.243409184776243626e-01,-4.318761149516090470e-01,1.125589316770444492e-01
-6.176741076481537807e-01,-1.227510858083307038e-01,1.402500461103294571e-01,1.441315068296922242e-01,-4.446845660290647539e-01,-7.924005534542752360e-02
-6.205402414277361167e-01,-2.488652598330878818e-01,1.448820572369557691e-01,4.021956898137510894e-01,-4.372472738934058412e-01,1.416342680897517969e-01
-6.239774232991941449e-01,-1.164111179743858582e-01,1.493901544215337496e-01,1.526810779353059699e-01,-4.447341180249586023e-01,-2.798289203092898386e-02
-6.268178811971927278e-01,-1.321063163058120438e-01,1.539472315167771388e-01,2.119442321600271406e-01,-4.367552217682406090e-01,8.577651922510905191e-02
-6.300235370687150560e-01,-2.417428440739601003e-01,1.583665802729656569e-01,3.332690657055417671e-01,-4.422987526802240610e-01,-8.306716075205640426e-02
-6.338682137992752708e-01,-1.258083976820773831e-01,1.630999770126740356e-01,1.548897608693120542e-01,-4.666477402517102413e-01,-2.199582519304381922e-01
-6.368978805518448194e-01,-2.606206854048457311e-01,1.677984549478709342e-01,4.041766437816992630e-01,-4.629097329798401717e-01,2.539898275569863612e-02
-6.404337157284909487e-01,-1.188321217357839049e-01,1.724021011312431018e-01,1.547190455325086755e-01,-4.665057052266919912e-01,-2.386355544419842267e-02
-6.435233741202370794e-01,-1.389522694252145751e-01,1.766148371072334688e-01,1.894608238622407792e-01,-4.761467469634688698e-01,-1.143633602875958194e-01
-6.470550313454206393e-01,-2.582164352790207729e-01,1.820707784994572420e-01,3.989101001493871035e-01,-4.942165748747132104e-01,-3.588838336893891978e-01
-6.507479386854846393e-01,-1.182966817738557025e-01,1.866367897474494053e-01,1.462652403215222996e-01,-4.715737086865592342e-01,9.161150467850230628e-02
-6.534689696748066101e-01,-2.211917584866775199e-01,1.910488991248988355e-01,3.586589920009623511e-01,-4.741266608438541863e-01,-2.897929452416886029e-02
-6.572423474295707724e-01,-1.329940708244190806e-01,1.961087370388346907e-01,1.783358268427923110e-01,-4.740697766510345579e-01,-6.743597616823794778e-03
-6.601752918446250895e-01,-1.296809067144557015e-01,2.009588467034340575e-01,2.144488711553513283e-01,-4.368282735602700972e-01,4.099748077873842100e-01
-6.636076435246369698e-01,-2.586894463869571226e-01,2.055835710766317492e-01,3.485561793570748357e-01,-4.583240618666307165e-01,-3.025298864725964321e-01
-6.670935510165632021e-01,-1.123902171327468003e-01,2.100684052823524051e-01,1.445969209890843321e-01,-4.676840130055531231e-01,-1.510767385193698131e-01
-6.698512016714297523e-01,-2.147817197561723013e-01,2.148421099459537076e-01,3.718036203922156502e-01,-3.595713121813465807e-01,-1.510767385193698131e-01
-6.740639597362316771e-01,-1.445140469148432638e-01,2.193649565170080473e-01,1.551512931680107121e-01,-4.059410346417467452e-01,-4.354348079573953645e-01
-6.771390138548407656e-01,-1.431552098861056388e-01,2.246318021465996684e-01,2.451912592299175797e-01,-4.182342962680424270e-01,-2.519329683613811266e-01
-6.802058682807403667e-01,-2.208143610047104133e-01,2.281924047319040527e-01,2.563643640943543689e-01,-4.824252268585669245e-01,-2.519329683613811266e-01
-6.832344817374127466e-01,-9.775466563887423577e-02,2.328287012203322792e-01,1.496459087674241462e-01,-4.768719442200058944e-01,-1.817236614852461157e-02
-6.862182170832860084e-01,-2.516578474559634238e-01,2.377853419422915060e-01,4.180590401310396720e-01,-4.755654392433612543e-01,2.300561771481701018e-02
-6.907720877043759256e-01,-1.567295578947707768e-01,2.430658255072863372e-01,1.817372348655272862e-01,-4.707710827887707783e-01,4.700298083702032781e-02
-6.938753814207074821e-01,-1.433829106685942101e-01,2.480519303789960328e-01,2.303753027443732893e-01,-4.644239113214514991e-01,8.506606778954105275e-02
-6.971279921003468161e-01,-2.386042742418842955e-01,2.517790432754526964e-01,2.734126999100980893e-01,-4.650053384346897745e-01,1.060346747398842153e-02
-7.006638217020186854e-01,-1.167127912173162863e-01,2.570448576771703908e-01,1.738171705350888274e-01,-4.525099382497496658e-01,1.057647890066113205e-01
-7.034526557851707995e-01,-2.214920745735025898e-01,2.595149913700195432e-01,1.961805614067518300e-01,-4.375562154306482099e-01,3.233512133233448771e-01
-7.071206348176335421e-01,-1.266838969357516054e-01,2.660431731659731458e-01,2.254689850997223244e-01,-4.534551263653725517e-01,-5.644051644822943581e-02
-7.096484627181001148e-01,-1.118440317123806371e-01,2.684023889726439016e-01,1.043837705284173384e-01,-4.297809857026050895e-01,2.477561295206214542e-01
-7.123478923560968568e-01,-2.016209938095356868e-01,2.728970843853854578e-01,3.357097896652816993e-01,-4.255491330582930054e-01,1.409585337399777982e-01
-7.173934965216470783e-01,-1.611679148724303456e-01,2.791527976151702561e-01,1.998215127869323315e-01,-4.473997835621263963e-01,-1.392500641691880592e-01
-7.204786559121112433e-01,-2.619823937007553782e-01,2.835076910980389719e-01,3.698043681244343461e-01,-4.534833468348374863e-01,-1.639619591262624354e-01
-7.241633342076714275e-01,-1.288156775476662907e-01,2.898628057155257509e-01,2.221736416802106151e-01,-4.586915236798638773e-01,-8.650971664924965443e-02
-7.268674583724594740e-01,-1.220913355745305295e-01,2.931817124823269394e-01,1.498487995050571397e-01,-4.670359743736643976e-01,-1.158155162986308634e-01
-7.304412301236291594e-01,-2.685950714250545102e-01,2.986497199619086995e-01,4.109607333065689594e-01,-4.767083445446397283e-01,-2.106912099543077344e-01
-7.343598331978287153e-01,-1.252147442768796193e-01,3.033019944402949863e-01,1.486584244657096765e-01,-4.722433216358558616e-01,-1.700405197166062615e-02
-7.373476549792887802e-01,-2.450207806918444364e-01,3.081588135337415268e-01,3.982906923497281926e-01,-4.863165150698215422e-01,-2.927743164421388600e-01
-7.410433472103103991e-01,-1.281041363559519697e-01,3.132741208134037780e-01,1.773123897482396794e-01,-4.910715687349975211e-01,-1.143998000987462016e-01
-7.439268571816692877e-01,-1.331665298434334677e-01,3.158556233781161793e-01,1.192191952652303238e-01,-4.647237603587547339e-01,2.755992937176985347e-01
-7.480703629295306634e-01,-3.082115156379655052e-01,3.229859365139475802e-01,5.303829057561173510e-01,-5.039556846619568375e-01,-6.606593703236469661e-01
-7.514631290422175702e-01,-1.076234276752693897e-01,3.274316351455602292e-01,1.410239637080346053e-01,-5.164629183409059632e-01,-2.643517091785366757e-01
-7.555491476947477913e-01,-3.571533683105578283e-01,3.324431635347203651e-01,4.380509235962887216e-01,-5.014696880851789995e-01,2.615465711659088477e-01
-7.592066126295673456e-01,-1.238197152886612445e-01,3.368603049502967295e-01,1.495377815545353983e-01,-5.112754079878840674e-01,-1.760399882715540931e-02
-7.630260231620606959e-01,-1.750909226187399026e-01,3.422927757739352428e-01,2.490374680904792748e-01,-5.193208823176995725e-01,-9.660695081681380803e-02
-7.655951726424081727e-01,-1.901633067804211208e-01,3.465298133757857002e-01,3.136170501110327469e-01,-5.038307079940298472e-01,2.624861938882206980e-01
-7.670362288196082012e-01,-4.663036327923768265e-02,3.467550719904337608e-01,7.289022592600055868e-03,-4.099634244890327794e-01,2.624861938882206980e-01
4.903359828821263200e-01,-4.663036327923768265e-02,5.450580706660588248e-01,7.289022592600055868e-03,-4.732530179319447416e-01,2.624861938882206980e-01
-7.762148190573525675e-01,-4.663036327923768265e-02,3.589034268486901436e-01,7.289022592600055868e-03,-5.784267489013301677e-01,2.624861938882206980e-01
-7.801501739383045475e-01,-1.817389286700110407e-01,3.645818969603497606e-01,2.622378681965402691e-01,-5.655417067427370714e-01,2.143828310380232194e-01
-7.847699090025508362e-01,-3.441359250316750606e-01,3.707302076425655901e-01,4.580034470768241106e-01,-5.436682689180625250e-01,4.609478423913490608e-01
-7.893194712107596267e-01,-1.484433715403384035e-01,3.763331783952122978e-01,1.828140447588786910e-01,-5.167305678381683975e-01,3.349681669670121487e-01
-7.925497641122127845e-01,-2.513371257487262422e-01,3.806397875160500432e-01,3.350813041342727283e-01,-5.965113856665118508e-01,3.349681669670121487e-01
-7.941985032109335485e-01,-5.519357179006556535e-02,3.795400637262299481e-01,-3.681460819954653074e-02,-4.783196601239552703e-01,3.349681669670121487e-01
-8.009693296658113582e-01,-3.078338552583065879e-01,3.894209189329752574e-01,4.492304996755986379e-01,-5.745303935797144712e-01,3.349681669670121487e-01
-8.054466414503842486e-01,-3.174844755246190031e-01,3.931535503466941917e-01,2.646794736954688476e-01,-6.199136226538044525e-01,-7.207848358506895314e-01
-8.096469572046895991e-01,-1.813721371460657317e-01,3.980275238334052834e-01,2.104610794490732184e-01,-6.066883664319906444e-01,-3.742759788885027805e-02
-8.141329913654375972e-01,-1.466283598775119934e-01,4.021522960441079597e-01,1.348203251360946819e-01,-6.286831352038516618e-01,-1.890845138493931210e-01
-8.182803311060169449e-01,-3.549027556059681232e-01,4.058769705470491873e-01,3.187337733379116966e-01,-6.570387360080052197e-01,-6.538937764571277622e-01
-8.226780836445874989e-01,-1.483819699265280512e-01,4.096800708526620038e-01,1.283181602934017063e-01,-6.697751099620169457e-01,-2.709060611409472852e-01
-8.270601482991177811e-01,-2.033851354862284688e-01,4.134343646375071568e-01,1.742483532953907344e-01,-7.025545454721859873e-01,-4.480751898253004795e-01
-8.311420193185377059e-01,-3.032557734206650646e-01,4.160732500084590169e-01,1.960515705491864547e-01,-7.237872063439055870e-01,-5.063800452638965721e-01
-8.357999795234105633e-01,-1.517617810301788717e-01,4.199411273167061864e-01,1.260199579403291914e-01,-7.469869207653674348e-01,-3.155634559319946408e-01
-8.399975085786151041e-01,-3.394788551389411602e-01,4.230174816320878550e-01,2.488028616961222017e-01,-7.542098161289079172e-01,-2.249303682100637913e-01
-8.449301471624726112e-01,-1.668049579768596247e-01,4.263775061421779533e-01,1.136245313088577874e-01,-7.777932603802928391e-01,-2.556104382308116429e-01
-8.490036455753382505e-01,-1.918618621584934625e-01,4.288894053315148724e-01,1.183105054118718247e-01,-8.093573848759910705e-01,-4.355703438582865239e-01
-8.527560657153023804e-01,-2.728449969269140518e-01,4.312969618921053128e-01,1.750576262448985121e-01,-8.371133048379505448e-01,-6.134378936760968015e-01
-8.583830849705447186e-01,-1.805536339599284057e-01,4.345288908414217666e-01,1.037025981305706168e-01,-8.591231570768352865e-01,-3.299164845288324877e-01
-8.628710363965503838e-01,-3.842225795619951256e-01,4.369561935518715967e-01,2.078062840392424226e-01,-8.880971050877319861e-01,-7.026086628833922987e-01
-8.682621665025029856e-01,-1.836764350644752575e-01,4.401630537616454397e-01,1.092581034968910930e-01,-8.977800323154496720e-01,-2.581267823235977033e-01
-8.727090637027714592e-01,-2.052133780179654365e-01,4.419132927352358298e-01,8.076922760604768325e-02,-9.138058463821665534e-01,-2.494196799444827195e-01
-8.771626370452474397e-01,-3.367460562210952690e-01,4.438653014105100603e-01,1.475963619681888994e-01,-9.159295297537852765e-01,-1.024992010533174874e-01
-9.652443148158407205e-01,-3.367460562210952690e-01,3.259451057891112336e-01,1.475963619681888994e-01,-2.938130692746591777e+00,-1.024992010533174874e-01
-9.681392090866522970e-01,-2.433182361356674983e-01,3.266920344031657431e-01,6.277996219877531037e-02,-2.825209841482152484e+00,-1.024992010533174874e-01
-9.707920514833738856e-01,-9.126484584670800648e-02,3.268809510689466569e-01,6.499236593050656575e-03,-2.821312839603314249e+00,7.892011381421048383e-03
-8.969628033301288994e-01,-9.126484584670800648e-02,4.501712367961403505e-01,6.499236593050656575e-03,-1.037719593085698389e+00,7.892011381421048383e-03
-9.020596939781317936e-01,-3.851181558724757759e-01,4.516258859144298698e-01,1.099124592945091711e-01,-1.058943733546297672e+00,-3.989479899057409851e-01
-9.072587188596892283e-01,-1.707404777538904517e-01,4.534623742652087452e-01,6.031186723374706848e-02,-1.069084349034814529e+00,-1.829936452456031870e-01
-9.808483746243905621e-01,-1.707404777538904517e-01,3.277278487416510622e-01,6.031186723374706848e-02,-3.061953134999379600e+00,-1.829936452456031870e-01
-9.861305338854977620e-01,-1.821805913781676944e-01,3.287973679051879317e-01,3.688749696323777305e-02,-2.667464147087327486e+00,-1.829936452456031870e-01
-9.881380181281662622e-01,-9.054930946962469474e-02,3.286375825268645356e-01,-7.207257403571785265e-03,-2.793978301695124511e+00,-1.829936452456031870e-01
-9.898424298696335555e-01,-1.305935402145235458e-01,3.286004521272456458e-01,-2.844964170240007161e-03,3.071957130144169046e+00,-1.829936452456031870e-01
-9.947456048943950080e-01,-1.601529979445457108e-01,3.293281734379985837e-01,2.376964905324536331e-02,-2.844555736847794059e+00,-1.829936452456031870e-01
-9.375255126210850776e-01,-1.601529979445457108e-01,4.616568290515066231e-01,2.376964905324536331e-02,-1.196995852949245265e+00,-1.829936452456031870e-01
-9.966485087944163546e-01,-1.601529979445457108e-01,3.275488624702637130e-01,2.376964905324536331e-02,2.500382738931358428e+00,-1.829936452456031870e-01
-9.490138790616460263e-01,-1.601529979445457108e-01,4.645371294227134129e-01,2.376964905324536331e-02,-1.202818398756645202e+00,-1.829936452456031870e-01
-1.004472247823503306e+00,-1.601529979445457108e-01,3.284481514299650851e-01,2.376964905324536331e-02,-1.202818398756645202e+00,-4.574841131140079675e-02
-9.602964369477806628e-01,-1.601529979445457108e-01,4.658247408692802738e-01,2.376964905324536331e-02,-1.228317702160688807e+00,-2.213012973414400508e-01
-9.627187922181752455e-01,-2.103321478115532661e-01,4.661926696782786594e-01,3.194711262389328399e-02,-1.267173895224922742e+00,-2.213012973414400508e-01
-9.686120251289027649e-01,-2.034722332743069129e-01,4.672278011878255866e-01,3.573938501509466015e-02,-1.267848499629755654e+00,-6.114824305023786044e-02
-9.720659680858672047e-01,-1.598535382800496396e-01,4.659442956218301513e-01,-5.940251726300309343e-02,-1.295664170213668864e+00,-3.371245532944750489e-01
-9.771281640431177529e-01,-3.844427520375129359e-01,4.667975426969280806e-01,6.479888500736108448e-02,-1.301818927687538707e+00,-2.011351637979265639e-01
-9.812485615863302257e-01,-1.368540243034339632e-01,4.672516623324478591e-01,1.508303482475055121e-02,-1.315207380498249812e+00,-1.614541105076467420e-01
-9.863995961356759601e-01,-4.240016644972821047e-01,4.678186487745374933e-01,4.667085667750605488e-02,-1.319601661637923140e+00,-1.307911155047273843e-01
-1.028989512383255978e+00,-4.240016644972821047e-01,3.285696824861152887e-01,4.667085667750605488e-02,2.954333196495105174e+00,-1.307911155047273843e-01
-9.971531639437007932e-01,-4.240016644972821047e-01,4.695210471415333098e-01,4.667085667750605488e-02,-1.330477875183900149e+00,-1.307911155047273843e-01
-1.000781091083731145e+00,-2.775997321013931041e-01,4.688487222330478543e-01,-5.144458730201915270e-02,-1.345498211410788070e+00,-3.200272339422263190e-01
-1.004964148186825668e+00,-1.339037995202345399e-01,4.698731535453815056e-01,3.279306059855054828e-02,-1.378520516075679048e+00,-3.442759754228498226e-01
-1.009809290561511030e+00,-4.092062350028656814e-01,4.700967459837689377e-01,1.888394866695179697e-02,-1.381443195959193737e+00,-1.477791944424044768e-01
-1.012666450537572871e+00,-9.841257373460086944e-02,4.695151247438286157e-01,-2.003347507343006262e-02,-1.394116205558835198e+00,-1.460727002781052331e-01
-1.019152721352129198e+00,-2.891237844603050111e-01,4.690128704156314443e-01,-2.238785216985534829e-02,-1.402843661246437001e+00,-1.337741750597782886e-01
-1.024128006168372629e+00,-3.545638774260315151e-01,4.695115037388309931e-01,3.553512432298292639e-02,-1.406429999898039185e+00,-9.733868670849075977e-02
-1.051658714165864872e+00,-3.545638774260315151e-01,3.260925809572933209e-01,3.553512432298292639e-02,1.743213070175106960e+00,-9.733868670849075977e-02
-1.033743640960268273e+00,-3.545638774260315151e-01,4.687671847211259957e-01,3.553512432298292639e-02,-1.419289170685762436e+00,-9.733868670849075977e-02
-1.041169587532182472e+00,-2.567781613082327219e-01,4.679776586274577710e-01,-2.730063523534608655e-02,-1.417894245189124103e+00,-1.227606067312397159e-02
-1.046034127141820758e+00,-2.173853900878379986e-01,4.674688011018917067e-01,-2.273970417984451028e-02,-1.423700974845338418e+00,-6.794145391611902673e-02
-1.051449837373030327e+00,-4.085823380808206173e-01,4.671633079385768550e-01,-2.304759774915254161e-02,-1.429807351911118740e+00,-1.321575990780524401e-01
-1.057135728249831708e+00,-1.871193004953435601e-01,4.668531557435823265e-01,-1.020692500646787695e-02,-1.442806527581805387e+00,-1.399881924573587177e-01
-1.062415475813257348e+00,-4.298054524050699543e-01,4.663455574722223940e-01,-4.132176814156882094e-02,-1.444600260735501074e+00,-7.150240563175148945e-02
-1.067184933186585027e+00,-1.686283866677156795e-01,4.661281748415234683e-01,-7.685755304018569711e-03,-1.456210022440467267e+00,-1.204939514981051146e-01
-1.072236982182569687e+00,-2.284248295375889692e-01,4.658421000785215593e-01,-1.293466849305189084e-02,-1.462774432654340817e+00,-1.043247815135353029e-01
-1.077357928831884859e+00,-3.854775128321827893e-01,4.654091352460967279e-01,-3.259128012381191930e-02,-1.463585064692138893e+00,-4.133620793520642600e-02
-1.083218997484542978e+00,-1.896785878068467102e-01,4.651874313146699969e-01,-7.174884157887594788e-03,-1.475956586502800150e+00,-1.104272655739372416e-01
-1.090023408214709999e+00,-5.863090811509019673e-01,4.648606462509501380e-01,-2.815777266266324477e-02,-1.469786715086844442e+00,1.053015199842129990e-01
-1.095713618807122369e+00,-1.990017013832751647e-01,4.641480715889331199e-01,-2.492061898255353014e-02,-1.475713788668149284e+00,-2.549597651385917402e-02
-1.100030898203814722e+00,-1.942437192824122971e-01,4.632128339060096467e-01,-4.207836214707374317e-02,-1.480205030008710843e+00,-5.689165479075496135e-02
-1.104779484518495725e+00,-3.590009656628956325e-01,4.622878129584905293e-01,-6.993311091157418391e-02,-1.483835505422359535e+00,-8.284039756261225851e-02
-1.109203025274140053e+00,-1.433291722202122143e-01,4.606033070120659767e-01,-5.458044951727555882e-02,-1.500413204521123589e+00,-1.549955067371212858e-01
-1.115459962473872579e+00,-5.155589400347118101e-01,4.589297983821686300e-01,-1.378937182565460051e-01,-1.497705796318448357e+00,1.702236005085089321e-02
-1.120694560890839853e+00,-1.837679920206865269e-01,4.565721340178157117e-01,-8.276914704507175313e-02,-1.505453922684685253e+00,-6.374664773443912413e-02
-1.125879865996161300e+00,-2.301357185354076795e-01,4.538809454339599592e-01,-1.194411140482997402e-01,-1.506843884171414238e+00,-3.135908062391212781e-02
-1.128995272758187784e+00,-2.303157317986204711e-01,4.503582846997685740e-01,-2.604231957003941833e-01,-1.521428603742267072e+00,-2.773944878562790706e-01
-1.134310394171780256e+00,-1.692317356869747491e-01,4.463388104223389163e-01,-1.279787526168305600e-01,-1.527178096098512849e+00,-1.151141132413810719e-01
-1.137227169007458460e+00,-2.289909285986791720e-01,4.420841508393132391e-01,-3.340259374398302228e-01,-1.538049201153321999e+00,-2.421464245003604188e-01
-1.140450109439135051e+00,-1.136691663948643793e-01,4.369978814921503529e-01,-1.793864978295607315e-01,-1.556063751096020020e+00,-2.193743909348385146e-01
-1.143627501188974271e+00,-1.440657570959466560e-01,4.311646308489168189e-01,-2.644847524043519860e-01,-1.562320398803919375e+00,-1.257640853448729334e-01
-1.146484009377105817e+00,-2.123812546667061540e-01,4.254675075733839185e-01,-4.235808580125280942e-01,-1.575598357134855299e+00,-2.782449217637698036e-01
-1.148794108041007789e+00,-7.592568323785366113e-02,4.185161565208110890e-01,-2.284690633954506167e-01,-1.589453809199829593e+00,-1.834075220562109143e-01
-1.151133231995963513e+00,-1.939392140580100676e-01,4.112927642341093759e-01,-5.988990108658602818e-01,-1.598995266228964152e+00,-2.436249264099529244e-01
-1.153944752986093558e+00,-9.761333147074598149e-02,4.033469678843202288e-01,-2.758704827791934044e-01,-1.609439286517718504e+00,-1.515578413461362295e-01
-1.156174175636078605e+00,-1.011452281073324105e-01,3.950250868493564438e-01,-3.775500152782341190e-01,-1.623872478913430228e+00,-2.015919930517943992e-01
-1.159785167274315132e+00,-2.633741987309501376e-01,3.861918693696261284e-01,-6.442666749226650946e-01,-1.628188195299788532e+00,-1.290916411096436345e-01
-1.163186562502290133e+00,-1.100248762996966084e-01,3.762660709619437549e-01,-3.210696401873722738e-01,-1.641061062739240572e+00,-1.363725188732715365e-01
-1.167312423092770945e+00,-3.226519293376595710e-01,3.660253797160354372e-01,-3.210696401873722738e-01,-1.645424966077067896e+00,-1.194099866815431510e-01
-1.171932677006766621e+00,-1.651644888134979894e-01,3.546116243869790186e-01,-4.080180655559759173e-01,-1.654500251636106256e+00,-1.109581527715892968e-01
-1.176374884838455426e+00,-2.065972176890134848e-01,3.426201808253773184e-01,-5.576954005233715206e-01,-1.663106445042858095e+00,-1.278032722692760692e-01
-1.182314921708111921e+00,-4.408365843751808066e-01,3.290890081155918301e-01,-5.576954005233715206e-01,-1.662877195727173074e+00,-2.769741495238278381e-02
-1.185710027931614174e+00,-1.117046408351144854e-01,3.141739950549544691e-01,-4.907287334506081344e-01,-1.681941191328367946e+00,-1.637336434425082643e-01
-1.192870092313397468e+00,-5.203411015640855286e-01,2.956017876928755950e-01,-4.907287334506081344e-01,-1.677582218949074555e+00,3.826114552142174247e-02
-1.202603915771122800e+00,-3.441856603890741106e-01,2.729665258143000872e-01,-4.907287334506081344e-01,-1.663139371175736070e+00,1.372391937702640285e-01
-1.208672324461069092e+00,-2.656114752822951175e-01,2.489617418827095308e-01,-4.907287334506081344e-01,-1.671431936619950154e+00,-5.643065156872754257e-02
-1.193799763219721477e+00,-2.656114752822951175e-01,1.710252356465971901e-01,-4.907287334506081344e-01,1.528092291008686487e+00,-5.643065156872754257e-02
-1.197931986113122349e+00,-1.342977723504153453e-01,1.444822652936552376e-01,-4.907287334506081344e-01,1.553769858010532356e+00,1.945233897328813577e-01
-1.214851599860693465e+00,-1.342977723504153453e-01,1.567061204400407026e-01,7.430516599406542522e-01,-1.748774563996377207e+00,1.945233897328813577e-01
-1.206359434889340942e+00,3.845226922736856290e-01,1.275696057211194168e-01,7.430516599406542522e-01,-1.841542854221923431e+00,1.945233897328813577e-01
